{"cameraMode":{"drawMode":0,"name":"Shaded","section":"Shading Mode"},"sceneLighting":true,"audioPlay":false,"sceneViewState":{"showFog":true,"showMaterialUpdate":false,"showSkybox":true,"showFlares":true,"showImageEffects":true,"showParticleSystems":true},"in2DMode":false,"pivot":{"x":-37.999996185302737,"y":5.8000030517578129,"z":5.800000190734863},"rotation":{"x":-0.07771031558513642,"y":0.9222993850708008,"z":-0.25669437646865847,"w":-0.2785540223121643},"size":135.86849975585938,"orthographic":true}