{"cameraMode":{"drawMode":0,"name":"Shaded","section":"Shading Mode"},"sceneLighting":true,"audioPlay":false,"sceneViewState":{"showFog":true,"showMaterialUpdate":false,"showSkybox":true,"showFlares":true,"showImageEffects":true,"showParticleSystems":true},"in2DMode":false,"pivot":{"x":-3.5203027725219728,"y":7.285708427429199,"z":5.716950416564941},"rotation":{"x":-0.05810888856649399,"y":0.7279415726661682,"z":-0.062181733548641208,"w":-0.6805000305175781},"size":3.2404301166534426,"orthographic":true}