{"cameraMode":{"drawMode":0,"name":"Shaded","section":"Shading Mode"},"sceneLighting":false,"audioPlay":false,"sceneViewState":{"showFog":true,"showMaterialUpdate":false,"showSkybox":false,"showFlares":true,"showImageEffects":true,"showParticleSystems":true},"in2DMode":false,"pivot":{"x":0.5375561714172363,"y":4.384873390197754,"z":-0.2985341548919678},"rotation":{"x":0.02515842765569687,"y":-0.2460179477930069,"z":-0.006968038622289896,"w":-0.9690833687782288},"size":6.565732002258301,"orthographic":true}