{"cameraMode":{"drawMode":0,"name":"Shaded","section":"Shading Mode"},"sceneLighting":true,"audioPlay":false,"sceneViewState":{"showFog":true,"showMaterialUpdate":false,"showSkybox":true,"showFlares":true,"showImageEffects":true,"showParticleSystems":true},"in2DMode":false,"pivot":{"x":-9.880000114440918,"y":6.729999542236328,"z":6.760000228881836},"rotation":{"x":-0.062384072691202167,"y":0.6988096237182617,"z":-0.06178797408938408,"w":-0.7101342082023621},"size":12.630415916442871,"orthographic":true}