{"cameraMode":{"drawMode":0,"name":"Shaded","section":"Shading Mode"},"sceneLighting":true,"audioPlay":false,"sceneViewState":{"showFog":true,"showMaterialUpdate":false,"showSkybox":true,"showFlares":true,"showImageEffects":true,"showParticleSystems":true},"in2DMode":false,"pivot":{"x":-86.62000274658203,"y":7.199999809265137,"z":40.29999923706055},"rotation":{"x":-0.07064825296401978,"y":0.9263370037078857,"z":-0.29874879121780398,"w":-0.2186753898859024},"size":10.0,"orthographic":true}