{"cameraMode":{"drawMode":0,"name":"Shaded","section":"Shading Mode"},"sceneLighting":false,"audioPlay":false,"sceneViewState":{"showFog":true,"showMaterialUpdate":false,"showSkybox":false,"showFlares":true,"showImageEffects":true,"showParticleSystems":true},"in2DMode":false,"pivot":{"x":12.486021995544434,"y":2.8709888458251955,"z":-18.80000114440918},"rotation":{"x":0.01338290423154831,"y":-0.9529024362564087,"z":0.04358622804284096,"w":0.30035901069641116},"size":1.7239447832107545,"orthographic":true}