{"cameraMode":{"drawMode":0,"name":"Shaded","section":"Shading Mode"},"sceneLighting":true,"audioPlay":false,"sceneViewState":{"showFog":true,"showMaterialUpdate":false,"showSkybox":true,"showFlares":true,"showImageEffects":true,"showParticleSystems":true},"in2DMode":false,"pivot":{"x":-9.880000114440918,"y":6.729999542236328,"z":6.760000228881836},"rotation":{"x":-0.046662721782922748,"y":0.6368914246559143,"z":-0.03909403458237648,"w":-0.7687616348266602},"size":4.069705486297607,"orthographic":true}